{"x0": 166.66666666666674, "y0": 984.848484848485, "z0": 0, "vx0": -0.14420175078761366, "vy0": 0.024403373210211535, "vz0": 0, "Sunr0": 1, "Sun": 1, "Shadow": 1, "plotting": 1, "orbit_number": 8255}