{"x0": 1200.0, "y0": 919.2533317427738, "z0": 0, "vx0": -0.0, "vy0": -0.1, "vz0": 0, "Sunr0": 1, "Sun": 0, "Shadow": 0, "plotting": 1}
{"x0": 1200.0, "y0": 919.2533317427738, "z0": 0, "vx0": -0.0, "vy0": 0.0, "vz0": 0, "Sunr0": 1, "Sun": 0, "Shadow": 0, "plotting": 1}
{"x0": 1200.0, "y0": 919.2533317427738, "z0": 0, "vx0": -0.0, "vy0": 0.1, "vz0": 0, "Sunr0": 1, "Sun": 0, "Shadow": 0, "plotting": 1}
{"x0": 1200.0, "y0": 919.2533317427738, "z0": 0, "vx0": -0.11294053872537892, "vy0": -0.1, "vz0": 0, "Sunr0": 1, "Sun": 0, "Shadow": 0, "plotting": 1}
{"x0": 1200.0, "y0": 919.2533317427738, "z0": 0, "vx0": -0.11294053872537892, "vy0": 0.0, "vz0": 0, "Sunr0": 1, "Sun": 0, "Shadow": 0, "plotting": 1}
{"x0": 1200.0, "y0": 919.2533317427738, "z0": 0, "vx0": -0.11294053872537892, "vy0": 0.1, "vz0": 0, "Sunr0": 1, "Sun": 0, "Shadow": 0, "plotting": 1}
{"x0": 1200.0, "y0": 919.2533317427738, "z0": 0, "vx0": -0.1730349441868805, "vy0": -0.1, "vz0": 0, "Sunr0": 1, "Sun": 0, "Shadow": 0, "plotting": 1}
{"x0": 1200.0, "y0": 919.2533317427738, "z0": 0, "vx0": -0.1730349441868805, "vy0": 0.0, "vz0": 0, "Sunr0": 1, "Sun": 0, "Shadow": 0, "plotting": 1}
{"x0": 1200.0, "y0": 919.2533317427738, "z0": 0, "vx0": -0.1730349441868805, "vy0": 0.1, "vz0": 0, "Sunr0": 1, "Sun": 0, "Shadow": 0, "plotting": 1}
{"x0": 1200.0, "y0": 919.2533317427738, "z0": 0, "vx0": -0.1521643761941458, "vy0": -0.1, "vz0": 0, "Sunr0": 1, "Sun": 0, "Shadow": 0, "plotting": 1}
{"x0": 1200.0, "y0": 919.2533317427738, "z0": 0, "vx0": -0.1521643761941458, "vy0": 0.0, "vz0": 0, "Sunr0": 1, "Sun": 0, "Shadow": 0, "plotting": 1}
{"x0": 1200.0, "y0": 919.2533317427738, "z0": 0, "vx0": -0.1521643761941458, "vy0": 0.1, "vz0": 0, "Sunr0": 1, "Sun": 0, "Shadow": 0, "plotting": 1}
{"x0": 1200.0, "y0": 919.2533317427738, "z0": 0, "vx0": -0.060094405461501646, "vy0": -0.1, "vz0": 0, "Sunr0": 1, "Sun": 0, "Shadow": 0, "plotting": 1}
{"x0": 1200.0, "y0": 919.2533317427738, "z0": 0, "vx0": -0.060094405461501646, "vy0": 0.0, "vz0": 0, "Sunr0": 1, "Sun": 0, "Shadow": 0, "plotting": 1}
{"x0": 1200.0, "y0": 919.2533317427738, "z0": 0, "vx0": -0.060094405461501646, "vy0": 0.1, "vz0": 0, "Sunr0": 1, "Sun": 0, "Shadow": 0, "plotting": 1}
{"x0": 1200.0, "y0": 919.2533317427738, "z0": 0, "vx0": 0.060094405461501604, "vy0": -0.1, "vz0": 0, "Sunr0": 1, "Sun": 0, "Shadow": 0, "plotting": 1}
{"x0": 1200.0, "y0": 919.2533317427738, "z0": 0, "vx0": 0.060094405461501604, "vy0": 0.0, "vz0": 0, "Sunr0": 1, "Sun": 0, "Shadow": 0, "plotting": 1}
{"x0": 1200.0, "y0": 919.2533317427738, "z0": 0, "vx0": 0.060094405461501604, "vy0": 0.1, "vz0": 0, "Sunr0": 1, "Sun": 0, "Shadow": 0, "plotting": 1}
{"x0": 1200.0, "y0": 919.2533317427738, "z0": 0, "vx0": 0.15216437619414572, "vy0": -0.1, "vz0": 0, "Sunr0": 1, "Sun": 0, "Shadow": 0, "plotting": 1}
{"x0": 1200.0, "y0": 919.2533317427738, "z0": 0, "vx0": 0.15216437619414572, "vy0": 0.0, "vz0": 0, "Sunr0": 1, "Sun": 0, "Shadow": 0, "plotting": 1}
{"x0": 1200.0, "y0": 919.2533317427738, "z0": 0, "vx0": 0.15216437619414572, "vy0": 0.1, "vz0": 0, "Sunr0": 1, "Sun": 0, "Shadow": 0, "plotting": 1}
{"x0": 1200.0, "y0": 919.2533317427738, "z0": 0, "vx0": 0.17303494418688056, "vy0": -0.1, "vz0": 0, "Sunr0": 1, "Sun": 0, "Shadow": 0, "plotting": 1}
{"x0": 1200.0, "y0": 919.2533317427738, "z0": 0, "vx0": 0.17303494418688056, "vy0": 0.0, "vz0": 0, "Sunr0": 1, "Sun": 0, "Shadow": 0, "plotting": 1}
{"x0": 1200.0, "y0": 919.2533317427738, "z0": 0, "vx0": 0.17303494418688056, "vy0": 0.1, "vz0": 0, "Sunr0": 1, "Sun": 0, "Shadow": 0, "plotting": 1}
{"x0": 1200.0, "y0": 919.2533317427738, "z0": 0, "vx0": 0.11294053872537896, "vy0": -0.1, "vz0": 0, "Sunr0": 1, "Sun": 0, "Shadow": 0, "plotting": 1}
{"x0": 1200.0, "y0": 919.2533317427738, "z0": 0, "vx0": 0.11294053872537896, "vy0": 0.0, "vz0": 0, "Sunr0": 1, "Sun": 0, "Shadow": 0, "plotting": 1}
{"x0": 1200.0, "y0": 919.2533317427738, "z0": 0, "vx0": 0.11294053872537896, "vy0": 0.1, "vz0": 0, "Sunr0": 1, "Sun": 0, "Shadow": 0, "plotting": 1}
{"x0": 1200.0, "y0": 919.2533317427738, "z0": 0, "vx0": 4.303513856200872e-17, "vy0": -0.1, "vz0": 0, "Sunr0": 1, "Sun": 0, "Shadow": 0, "plotting": 1}
{"x0": 1200.0, "y0": 919.2533317427738, "z0": 0, "vx0": 4.303513856200872e-17, "vy0": 0.0, "vz0": 0, "Sunr0": 1, "Sun": 0, "Shadow": 0, "plotting": 1}
{"x0": 1200.0, "y0": 919.2533317427738, "z0": 0, "vx0": 4.303513856200872e-17, "vy0": 0.1, "vz0": 0, "Sunr0": 1, "Sun": 0, "Shadow": 0, "plotting": 1}
{"x0": 0.0, "y0": 771.3451316238471, "z0": 0, "vx0": -0.0, "vy0": -0.1, "vz0": 0, "Sunr0": 1, "Sun": 0, "Shadow": 0, "plotting": 1}
{"x0": 0.0, "y0": 771.3451316238471, "z0": 0, "vx0": -0.0, "vy0": 0.0, "vz0": 0, "Sunr0": 1, "Sun": 0, "Shadow": 0, "plotting": 1}
{"x0": 0.0, "y0": 771.3451316238471, "z0": 0, "vx0": -0.0, "vy0": 0.1, "vz0": 0, "Sunr0": 1, "Sun": 0, "Shadow": 0, "plotting": 1}
{"x0": 0.0, "y0": 771.3451316238471, "z0": 0, "vx0": -0.11294053872537892, "vy0": -0.1, "vz0": 0, "Sunr0": 1, "Sun": 0, "Shadow": 0, "plotting": 1}
{"x0": 0.0, "y0": 771.3451316238471, "z0": 0, "vx0": -0.11294053872537892, "vy0": 0.0, "vz0": 0, "Sunr0": 1, "Sun": 0, "Shadow": 0, "plotting": 1}
{"x0": 0.0, "y0": 771.3451316238471, "z0": 0, "vx0": -0.11294053872537892, "vy0": 0.1, "vz0": 0, "Sunr0": 1, "Sun": 0, "Shadow": 0, "plotting": 1}
{"x0": 0.0, "y0": 771.3451316238471, "z0": 0, "vx0": -0.1730349441868805, "vy0": -0.1, "vz0": 0, "Sunr0": 1, "Sun": 0, "Shadow": 0, "plotting": 1}
{"x0": 0.0, "y0": 771.3451316238471, "z0": 0, "vx0": -0.1730349441868805, "vy0": 0.0, "vz0": 0, "Sunr0": 1, "Sun": 0, "Shadow": 0, "plotting": 1}
{"x0": 0.0, "y0": 771.3451316238471, "z0": 0, "vx0": -0.1730349441868805, "vy0": 0.1, "vz0": 0, "Sunr0": 1, "Sun": 0, "Shadow": 0, "plotting": 1}
{"x0": 0.0, "y0": 771.3451316238471, "z0": 0, "vx0": -0.1521643761941458, "vy0": -0.1, "vz0": 0, "Sunr0": 1, "Sun": 0, "Shadow": 0, "plotting": 1}
{"x0": 0.0, "y0": 771.3451316238471, "z0": 0, "vx0": -0.1521643761941458, "vy0": 0.0, "vz0": 0, "Sunr0": 1, "Sun": 0, "Shadow": 0, "plotting": 1}
{"x0": 0.0, "y0": 771.3451316238471, "z0": 0, "vx0": -0.1521643761941458, "vy0": 0.1, "vz0": 0, "Sunr0": 1, "Sun": 0, "Shadow": 0, "plotting": 1}
{"x0": 0.0, "y0": 771.3451316238471, "z0": 0, "vx0": -0.060094405461501646, "vy0": -0.1, "vz0": 0, "Sunr0": 1, "Sun": 0, "Shadow": 0, "plotting": 1}
{"x0": 0.0, "y0": 771.3451316238471, "z0": 0, "vx0": -0.060094405461501646, "vy0": 0.0, "vz0": 0, "Sunr0": 1, "Sun": 0, "Shadow": 0, "plotting": 1}
{"x0": 0.0, "y0": 771.3451316238471, "z0": 0, "vx0": -0.060094405461501646, "vy0": 0.1, "vz0": 0, "Sunr0": 1, "Sun": 0, "Shadow": 0, "plotting": 1}
{"x0": 0.0, "y0": 771.3451316238471, "z0": 0, "vx0": 0.060094405461501604, "vy0": -0.1, "vz0": 0, "Sunr0": 1, "Sun": 0, "Shadow": 0, "plotting": 1}
{"x0": 0.0, "y0": 771.3451316238471, "z0": 0, "vx0": 0.060094405461501604, "vy0": 0.0, "vz0": 0, "Sunr0": 1, "Sun": 0, "Shadow": 0, "plotting": 1}
{"x0": 0.0, "y0": 771.3451316238471, "z0": 0, "vx0": 0.060094405461501604, "vy0": 0.1, "vz0": 0, "Sunr0": 1, "Sun": 0, "Shadow": 0, "plotting": 1}
{"x0": 0.0, "y0": 771.3451316238471, "z0": 0, "vx0": 0.15216437619414572, "vy0": -0.1, "vz0": 0, "Sunr0": 1, "Sun": 0, "Shadow": 0, "plotting": 1}
{"x0": 0.0, "y0": 771.3451316238471, "z0": 0, "vx0": 0.15216437619414572, "vy0": 0.0, "vz0": 0, "Sunr0": 1, "Sun": 0, "Shadow": 0, "plotting": 1}
{"x0": 0.0, "y0": 771.3451316238471, "z0": 0, "vx0": 0.15216437619414572, "vy0": 0.1, "vz0": 0, "Sunr0": 1, "Sun": 0, "Shadow": 0, "plotting": 1}
{"x0": 0.0, "y0": 771.3451316238471, "z0": 0, "vx0": 0.17303494418688056, "vy0": -0.1, "vz0": 0, "Sunr0": 1, "Sun": 0, "Shadow": 0, "plotting": 1}
{"x0": 0.0, "y0": 771.3451316238471, "z0": 0, "vx0": 0.17303494418688056, "vy0": 0.0, "vz0": 0, "Sunr0": 1, "Sun": 0, "Shadow": 0, "plotting": 1}
{"x0": 0.0, "y0": 771.3451316238471, "z0": 0, "vx0": 0.17303494418688056, "vy0": 0.1, "vz0": 0, "Sunr0": 1, "Sun": 0, "Shadow": 0, "plotting": 1}
{"x0": 0.0, "y0": 771.3451316238471, "z0": 0,