{"x0": 1200.0, "y0": 0.0, "z0": 0, "vx0": 0.1757042871135231, "vy0": -0.0, "vz0": 0, "Sunr0": 1, "Sun": 0, "Shadow": 0, "plotting": 1}
{"x0": -599.9999999999998, "y0": 1039.2304845413266, "z0": 0, "vx0": -0.0878521435567615, "vy0": -0.1521643761941458, "vz0": 0, "Sunr0": 1, "Sun": 0, "Shadow": 0, "plotting": 1}
{"x0": -600.0000000000006, "y0": -1039.230484541326, "z0": 0, "vx0": -0.08785214355676163, "vy0": 0.15216437619414572, "vz0": 0, "Sunr0": 1, "Sun": 0, "Shadow": 0, "plotting": 1}
{"x0": 1200.0, "y0": -2.9391523179536476e-13, "z0": 0, "vx0": 0.1757042871135231, "vy0": 4.303513856200872e-17, "vz0": 0, "Sunr0": 1, "Sun": 0, "Shadow": 0, "plotting": 1}
