{"x0": -100.0, "y0": 1075.0, "z0": 0, "vx0": -0.19034631103965002, "vy0": 0.0, "vz0": 0, "Sunr0": 1, "Sun": 1, "Shadow": 1, "plotting": 1}
{"x0": -100.0, "y0": 1150.0, "z0": 0, "vx0": -0.17936479309505482, "vy0": 0.0, "vz0": 0, "Sunr0": 1, "Sun": 1, "Shadow": 1, "plotting": 1}
{"x0": -100.0, "y0": 1225.0, "z0": 0, "vx0": -0.16838327515045962, "vy0": 0.0, "vz0": 0, "Sunr0": 1, "Sun": 1, "Shadow": 1, "plotting": 1}
{"x0": -100.0, "y0": 1300.0, "z0": 0, "vx0": -0.15740175720586444, "vy0": 0.0, "vz0": 0, "Sunr0": 1, "Sun": 1, "Shadow": 1, "plotting": 1}
{"x0": -50.0, "y0": 1075.0, "z0": 0, "vx0": -0.19034631103965002, "vy0": 0.0, "vz0": 0, "Sunr0": 1, "Sun": 1, "Shadow": 1, "plotting": 1}
{"x0": -50.0, "y0": 1150.0, "z0": 0, "vx0": -0.17936479309505482, "vy0": 0.0, "vz0": 0, "Sunr0": 1, "Sun": 1, "Shadow": 1, "plotting": 1}
{"x0": -50.0, "y0": 1225.0, "z0": 0, "vx0": -0.16838327515045962, "vy0": 0.0, "vz0": 0, "Sunr0": 1, "Sun": 1, "Shadow": 1, "plotting": 1}
{"x0": -50.0, "y0": 1300.0, "z0": 0, "vx0": -0.15740175720586444, "vy0": 0.0, "vz0": 0, "Sunr0": 1, "Sun": 1, "Shadow": 1, "plotting": 1}
{"x0": 0.0, "y0": 1075.0, "z0": 0, "vx0": -0.19034631103965002, "vy0": 0.0, "vz0": 0, "Sunr0": 1, "Sun": 1, "Shadow": 1, "plotting": 1}
{"x0": 0.0, "y0": 1150.0, "z0": 0, "vx0": -0.17936479309505482, "vy0": 0.0, "vz0": 0, "Sunr0": 1, "Sun": 1, "Shadow": 1, "plotting": 1}
{"x0": 0.0, "y0": 1225.0, "z0": 0, "vx0": -0.16838327515045962, "vy0": 0.0, "vz0": 0, "Sunr0": 1, "Sun": 1, "Shadow": 1, "plotting": 1}
{"x0": 0.0, "y0": 1300.0, "z0": 0, "vx0": -0.15740175720586444, "vy0": 0.0, "vz0": 0, "Sunr0": 1, "Sun": 1, "Shadow": 1, "plotting": 1}
{"x0": 50.0, "y0": 1075.0, "z0": 0, "vx0": -0.19034631103965002, "vy0": 0.0, "vz0": 0, "Sunr0": 1, "Sun": 1, "Shadow": 1, "plotting": 1}
{"x0": 50.0, "y0": 1150.0, "z0": 0, "vx0": -0.17936479309505482, "vy0": 0.0, "vz0": 0, "Sunr0": 1, "Sun": 1, "Shadow": 1, "plotting": 1}
{"x0": 50.0, "y0": 1225.0, "z0": 0, "vx0": -0.16838327515045962, "vy0": 0.0, "vz0": 0, "Sunr0": 1, "Sun": 1, "Shadow": 1, "plotting": 1}
{"x0": 50.0, "y0": 1300.0, "z0": 0, "vx0": -0.15740175720586444, "vy0": 0.0, "vz0": 0, "Sunr0": 1, "Sun": 1, "Shadow": 1, "plotting": 1}
{"x0": 100.0, "y0": 1075.0, "z0": 0, "vx0": -0.19034631103965002, "vy0": 0.0, "vz0": 0, "Sunr0": 1, "Sun": 1, "Shadow": 1, "plotting": 1}
{"x0": 100.0, "y0": 1150.0, "z0": 0, "vx0": -0.17936479309505482, "vy0": 0.0, "vz0": 0, "Sunr0": 1, "Sun": 1, "Shadow": 1, "plotting": 1}
{"x0": 100.0, "y0": 1225.0, "z0": 0, "vx0": -0.16838327515045962, "vy0": 0.0, "vz0": 0, "Sunr0": 1, "Sun": 1, "Shadow": 1, "plotting": 1}
{"x0": 100.0, "y0": 1300.0, "z0": 0, "vx0": -0.15740175720586444, "vy0": 0.0, "vz0": 0, "Sunr0": 1, "Sun": 1, "Shadow": 1, "plotting": 1}
